id,name,base_experience,height,weight,type_1,type_2,hp,attack,defense,special-attack,special-defense,speed,abilities,sprite_url,gender_rate,capture_rate,is_legendary,base_happiness,hatch_counter,egg_groups,evolution_chain_id,evolution_stage,gender_distribution
1,bulbasaur,64,7,69,grass,poison,45,49,49,65,65,45,"overgrow, chlorophyll",https://raw.githubusercontent.com/PokeAPI/sprites/master/sprites/pokemon/other/official-artwork/1.png,1,45,False,50,20,"monster, plant",1,1,87% Male / 12% Female
2,ivysaur,142,10,130,grass,poison,60,62,63,80,80,60,"overgrow, chlorophyll",https://raw.githubusercontent.com/PokeAPI/sprites/master/sprites/pokemon/other/official-artwork/2.png,1,45,False,50,20,"monster, plant",1,2,87% Male / 12% Female
3,venusaur,263,20,1000,grass,poison,80,82,83,100,100,80,"overgrow, chlorophyll",https://raw.githubusercontent.com/PokeAPI/sprites/master/sprites/pokemon/other/official-artwork/3.png,1,45,False,50,20,"monster, plant",1,3,87% Male / 12% Female
4,charmander,62,6,85,fire,,39,52,43,60,50,65,"blaze, solar-power",https://raw.githubusercontent.com/PokeAPI/sprites/master/sprites/pokemon/other/official-artwork/4.png,1,45,False,50,20,"monster, dragon",2,1,87% Male / 12% Female
5,charmeleon,142,11,190,fire,,58,64,58,80,65,80,"blaze, solar-power",https://raw.githubusercontent.com/PokeAPI/sprites/master/sprites/pokemon/other/official-artwork/5.png,1,45,False,50,20,"monster, dragon",2,2,87% Male / 12% Female
6,charizard,267,17,905,fire,flying,78,84,78,109,85,100,"blaze, solar-power",https://raw.githubusercontent.com/PokeAPI/sprites/master/sprites/pokemon/other/official-artwork/6.png,1,45,False,50,20,"monster, dragon",2,3,87% Male / 12% Female
7,squirtle,63,5,90,water,,44,48,65,50,64,43,"torrent, rain-dish",https://raw.githubusercontent.com/PokeAPI/sprites/master/sprites/pokemon/other/official-artwork/7.png,1,45,False,50,20,"monster, water1",3,1,87% Male / 12% Female
8,wartortle,142,10,225,water,,59,63,80,65,80,58,"torrent, rain-dish",https://raw.githubusercontent.com/PokeAPI/sprites/master/sprites/pokemon/other/official-artwork/8.png,1,45,False,50,20,"monster, water1",3,2,87% Male / 12% Female
9,blastoise,265,16,855,water,,79,83,100,85,105,78,"torrent, rain-dish",https://raw.githubusercontent.com/PokeAPI/sprites/master/sprites/pokemon/other/official-artwork/9.png,1,45,False,50,20,"monster, water1",3,3,87% Male / 12% Female
10,caterpie,39,3,29,bug,,45,30,35,20,20,45,"shield-dust, run-away",https://raw.githubusercontent.com/PokeAPI/sprites/master/sprites/pokemon/other/official-artwork/10.png,4,255,False,50,15,bug,4,1,50% Male / 50% Female
11,metapod,72,7,99,bug,,50,20,55,25,25,30,shed-skin,https://raw.githubusercontent.com/PokeAPI/sprites/master/sprites/pokemon/other/official-artwork/11.png,4,120,False,50,15,bug,4,2,50% Male / 50% Female
12,butterfree,198,11,320,bug,flying,60,45,50,90,80,70,"compound-eyes, tinted-lens",https://raw.githubusercontent.com/PokeAPI/sprites/master/sprites/pokemon/other/official-artwork/12.png,4,45,False,50,15,bug,4,3,50% Male / 50% Female
13,weedle,39,3,32,bug,poison,40,35,30,20,20,50,"shield-dust, run-away",https://raw.githubusercontent.com/PokeAPI/sprites/master/sprites/pokemon/other/official-artwork/13.png,4,255,False,70,15,bug,5,1,50% Male / 50% Female
14,kakuna,72,6,100,bug,poison,45,25,50,25,25,35,shed-skin,https://raw.githubusercontent.com/PokeAPI/sprites/master/sprites/pokemon/other/official-artwork/14.png,4,120,False,70,15,bug,5,2,50% Male / 50% Female
15,beedrill,178,10,295,bug,poison,65,90,40,45,80,75,"swarm, sniper",https://raw.githubusercontent.com/PokeAPI/sprites/master/sprites/pokemon/other/official-artwork/15.png,4,45,False,70,15,bug,5,3,50% Male / 50% Female
16,pidgey,50,3,18,normal,flying,40,45,40,35,35,56,"keen-eye, tangled-feet, big-pecks",https://raw.githubusercontent.com/PokeAPI/sprites/master/sprites/pokemon/other/official-artwork/16.png,4,255,False,70,15,flying,6,1,50% Male / 50% Female
17,pidgeotto,122,11,300,normal,flying,63,60,55,50,50,71,"keen-eye, tangled-feet, big-pecks",https://raw.githubusercontent.com/PokeAPI/sprites/master/sprites/pokemon/other/official-artwork/17.png,4,120,False,70,15,flying,6,2,50% Male / 50% Female
18,pidgeot,216,15,395,normal,flying,83,80,75,70,70,101,"keen-eye, tangled-feet, big-pecks",https://raw.githubusercontent.com/PokeAPI/sprites/master/sprites/pokemon/other/official-artwork/18.png,4,45,False,70,15,flying,6,3,50% Male / 50% Female
19,rattata,51,3,35,normal,,30,56,35,25,35,72,"run-away, guts, hustle",https://raw.githubusercontent.com/PokeAPI/sprites/master/sprites/pokemon/other/official-artwork/19.png,4,255,False,70,15,ground,7,1,50% Male / 50% Female
20,raticate,145,7,185,normal,,55,81,60,50,70,97,"run-away, guts, hustle",https://raw.githubusercontent.com/PokeAPI/sprites/master/sprites/pokemon/other/official-artwork/20.png,4,127,False,70,15,ground,7,2,50% Male / 50% Female
21,spearow,52,3,20,normal,flying,40,60,30,31,31,70,"keen-eye, sniper",https://raw.githubusercontent.com/PokeAPI/sprites/master/sprites/pokemon/other/official-artwork/21.png,4,255,False,70,15,flying,8,1,50% Male / 50% Female
22,fearow,155,12,380,normal,flying,65,90,65,61,61,100,"keen-eye, sniper",https://raw.githubusercontent.com/PokeAPI/sprites/master/sprites/pokemon/other/official-artwork/22.png,4,90,False,70,15,flying,8,2,50% Male / 50% Female
23,ekans,58,20,69,poison,,35,60,44,40,54,55,"intimidate, shed-skin, unnerve",https://raw.githubusercontent.com/PokeAPI/sprites/master/sprites/pokemon/other/official-artwork/23.png,4,255,False,70,20,"ground, dragon",9,1,50% Male / 50% Female
24,arbok,157,35,650,poison,,60,95,69,65,79,80,"intimidate, shed-skin, unnerve",https://raw.githubusercontent.com/PokeAPI/sprites/master/sprites/pokemon/other/official-artwork/24.png,4,90,False,70,20,"ground, dragon",9,2,50% Male / 50% Female
25,pikachu,112,4,60,electric,,35,55,40,50,50,90,"static, lightning-rod",https://raw.githubusercontent.com/PokeAPI/sprites/master/sprites/pokemon/other/official-artwork/25.png,4,190,False,50,10,"ground, fairy",10,2,50% Male / 50% Female
26,raichu,243,8,300,electric,,60,90,55,90,80,110,"static, lightning-rod",https://raw.githubusercontent.com/PokeAPI/sprites/master/sprites/pokemon/other/official-artwork/26.png,4,75,False,50,10,"ground, fairy",10,3,50% Male / 50% Female
27,sandshrew,60,6,120,ground,,50,75,85,20,30,40,"sand-veil, sand-rush",https://raw.githubusercontent.com/PokeAPI/sprites/master/sprites/pokemon/other/official-artwork/27.png,4,255,False,50,20,ground,11,1,50% Male / 50% Female
28,sandslash,158,10,295,ground,,75,100,110,45,55,65,"sand-veil, sand-rush",https://raw.githubusercontent.com/PokeAPI/sprites/master/sprites/pokemon/other/official-artwork/28.png,4,90,False,50,20,ground,11,2,50% Male / 50% Female
29,nidoran-f,55,4,70,poison,,55,47,52,40,40,41,"poison-point, rivalry, hustle",https://raw.githubusercontent.com/PokeAPI/sprites/master/sprites/pokemon/other/official-artwork/29.png,8,235,False,50,20,"monster, ground",12,1,100% Female
30,nidorina,128,8,200,poison,,70,62,67,55,55,56,"poison-point, rivalry, hustle",https://raw.githubusercontent.com/PokeAPI/sprites/master/sprites/pokemon/other/official-artwork/30.png,8,120,False,50,20,no-eggs,12,2,100% Female
31,nidoqueen,253,13,600,poison,ground,90,92,87,75,85,76,"poison-point, rivalry, sheer-force",https://raw.githubusercontent.com/PokeAPI/sprites/master/sprites/pokemon/other/official-artwork/31.png,8,45,False,50,20,no-eggs,12,3,100% Female
32,nidoran-m,55,5,90,poison,,46,57,40,40,40,50,"poison-point, rivalry, hustle",https://raw.githubusercontent.com/PokeAPI/sprites/master/sprites/pokemon/other/official-artwork/32.png,0,235,False,50,20,"monster, ground",13,1,100% Male
33,nidorino,128,9,195,poison,,61,72,57,55,55,65,"poison-point, rivalry, hustle",https://raw.githubusercontent.com/PokeAPI/sprites/master/sprites/pokemon/other/official-artwork/33.png,0,120,False,50,20,"monster, ground",13,2,100% Male
34,nidoking,253,14,620,poison,ground,81,102,77,85,75,85,"poison-point, rivalry, sheer-force",https://raw.githubusercontent.com/PokeAPI/sprites/master/sprites/pokemon/other/official-artwork/34.png,0,45,False,50,20,"monster, ground",13,3,100% Male
35,clefairy,113,6,75,fairy,,70,45,48,60,65,35,"cute-charm, magic-guard, friend-guard",https://raw.githubusercontent.com/PokeAPI/sprites/master/sprites/pokemon/other/official-artwork/35.png,6,150,False,140,10,fairy,14,2,25% Male / 75% Female
36,clefable,242,13,400,fairy,,95,70,73,95,90,60,"cute-charm, magic-guard, unaware",https://raw.githubusercontent.com/PokeAPI/sprites/master/sprites/pokemon/other/official-artwork/36.png,6,25,False,140,10,fairy,14,3,25% Male / 75% Female
37,vulpix,60,6,99,fire,,38,41,40,50,65,65,"flash-fire, drought",https://raw.githubusercontent.com/PokeAPI/sprites/master/sprites/pokemon/other/official-artwork/37.png,6,190,False,50,20,ground,15,1,25% Male / 75% Female
38,ninetales,177,11,199,fire,,73,76,75,81,100,100,"flash-fire, drought",https://raw.githubusercontent.com/PokeAPI/sprites/master/sprites/pokemon/other/official-artwork/38.png,6,75,False,50,20,ground,15,2,25% Male / 75% Female
39,jigglypuff,95,5,55,normal,fairy,115,45,20,45,25,20,"cute-charm, competitive, friend-guard",https://raw.githubusercontent.com/PokeAPI/sprites/master/sprites/pokemon/other/official-artwork/39.png,6,170,False,50,10,fairy,16,2,25% Male / 75% Female
40,wigglytuff,218,10,120,normal,fairy,140,70,45,85,50,45,"cute-charm, competitive, frisk",https://raw.githubusercontent.com/PokeAPI/sprites/master/sprites/pokemon/other/official-artwork/40.png,6,50,False,50,10,fairy,16,3,25% Male / 75% Female
41,zubat,49,8,75,poison,flying,40,45,35,30,40,55,"inner-focus, infiltrator",https://raw.githubusercontent.com/PokeAPI/sprites/master/sprites/pokemon/other/official-artwork/41.png,4,255,False,50,15,flying,17,1,50% Male / 50% Female
42,golbat,159,16,550,poison,flying,75,80,70,65,75,90,"inner-focus, infiltrator",https://raw.githubusercontent.com/PokeAPI/sprites/master/sprites/pokemon/other/official-artwork/42.png,4,90,False,50,15,flying,17,2,50% Male / 50% Female
43,oddish,64,5,54,grass,poison,45,50,55,75,65,30,"chlorophyll, run-away",https://raw.githubusercontent.com/PokeAPI/sprites/master/sprites/pokemon/other/official-artwork/43.png,4,255,False,50,20,plant,18,1,50% Male / 50% Female
44,gloom,138,8,86,grass,poison,60,65,70,85,75,40,"chlorophyll, stench",https://raw.githubusercontent.com/PokeAPI/sprites/master/sprites/pokemon/other/official-artwork/44.png,4,120,False,50,20,plant,18,2,50% Male / 50% Female
45,vileplume,245,12,186,grass,poison,75,80,85,110,90,50,"chlorophyll, effect-spore",https://raw.githubusercontent.com/PokeAPI/sprites/master/sprites/pokemon/other/official-artwork/45.png,4,45,False,50,20,plant,18,3,50% Male / 50% Female
46,paras,57,3,54,bug,grass,35,70,55,45,55,25,"effect-spore, dry-skin, damp",https://raw.githubusercontent.com/PokeAPI/sprites/master/sprites/pokemon/other/official-artwork/46.png,4,190,False,70,20,"bug, plant",19,1,50% Male / 50% Female
47,parasect,142,10,295,bug,grass,60,95,80,60,80,30,"effect-spore, dry-skin, damp",https://raw.githubusercontent.com/PokeAPI/sprites/master/sprites/pokemon/other/official-artwork/47.png,4,75,False,70,20,"bug, plant",19,2,50% Male / 50% Female
48,venonat,61,10,300,bug,poison,60,55,50,40,55,45,"compound-eyes, tinted-lens, run-away",https://raw.githubusercontent.com/PokeAPI/sprites/master/sprites/pokemon/other/official-artwork/48.png,4,190,False,70,20,bug,20,1,50% Male / 50% Female
49,venomoth,158,15,125,bug,poison,70,65,60,90,75,90,"shield-dust, tinted-lens, wonder-skin",https://raw.githubusercontent.com/PokeAPI/sprites/master/sprites/pokemon/other/official-artwork/49.png,4,75,False,70,20,bug,20,2,50% Male / 50% Female
50,diglett,53,2,8,ground,,10,55,25,35,45,95,"sand-veil, arena-trap, sand-force",https://raw.githubusercontent.com/PokeAPI/sprites/master/sprites/pokemon/other/official-artwork/50.png,4,255,False,50,20,ground,21,1,50% Male / 50% Female
51,dugtrio,149,7,333,ground,,35,100,50,50,70,120,"sand-veil, arena-trap, sand-force",https://raw.githubusercontent.com/PokeAPI/sprites/master/sprites/pokemon/other/official-artwork/51.png,4,50,False,50,20,ground,21,2,50% Male / 50% Female
52,meowth,58,4,42,normal,,40,45,35,40,40,90,"pickup, technician, unnerve",https://raw.githubusercontent.com/PokeAPI/sprites/master/sprites/pokemon/other/official-artwork/52.png,4,255,False,50,20,ground,22,1,50% Male / 50% Female
53,persian,154,10,320,normal,,65,70,60,65,65,115,"limber, technician, unnerve",https://raw.githubusercontent.com/PokeAPI/sprites/master/sprites/pokemon/other/official-artwork/53.png,4,90,False,50,20,ground,22,2,50% Male / 50% Female
54,psyduck,64,8,196,water,,50,52,48,65,50,55,"damp, cloud-nine, swift-swim",https://raw.githubusercontent.com/PokeAPI/sprites/master/sprites/pokemon/other/official-artwork/54.png,4,190,False,50,20,"water1, ground",23,1,50% Male / 50% Female
55,golduck,175,17,766,water,,80,82,78,95,80,85,"damp, cloud-nine, swift-swim",https://raw.githubusercontent.com/PokeAPI/sprites/master/sprites/pokemon/other/official-artwork/55.png,4,75,False,50,20,"water1, ground",23,2,50% Male / 50% Female
56,mankey,61,5,280,fighting,,40,80,35,35,45,70,"vital-spirit, anger-point, defiant",https://raw.githubusercontent.com/PokeAPI/sprites/master/sprites/pokemon/other/official-artwork/56.png,4,190,False,70,20,ground,24,1,50% Male / 50% Female
57,primeape,159,10,320,fighting,,65,105,60,60,70,95,"vital-spirit, anger-point, defiant",https://raw.githubusercontent.com/PokeAPI/sprites/master/sprites/pokemon/other/official-artwork/57.png,4,75,False,70,20,ground,24,2,50% Male / 50% Female
58,growlithe,70,7,190,fire,,55,70,45,70,50,60,"intimidate, flash-fire, justified",https://raw.githubusercontent.com/PokeAPI/sprites/master/sprites/pokemon/other/official-artwork/58.png,2,190,False,50,20,ground,25,1,75% Male / 25% Female
59,arcanine,194,19,1550,fire,,90,110,80,100,80,95,"intimidate, flash-fire, justified",https://raw.githubusercontent.com/PokeAPI/sprites/master/sprites/pokemon/other/official-artwork/59.png,2,75,False,50,20,ground,25,2,75% Male / 25% Female
60,poliwag,60,6,124,water,,40,50,40,40,40,90,"water-absorb, damp, swift-swim",https://raw.githubusercontent.com/PokeAPI/sprites/master/sprites/pokemon/other/official-artwork/60.png,4,255,False,50,20,water1,26,1,50% Male / 50% Female
61,poliwhirl,135,10,200,water,,65,65,65,50,50,90,"water-absorb, damp, swift-swim",https://raw.githubusercontent.com/PokeAPI/sprites/master/sprites/pokemon/other/official-artwork/61.png,4,120,False,50,20,water1,26,2,50% Male / 50% Female
62,poliwrath,255,13,540,water,fighting,90,95,95,70,90,70,"water-absorb, damp, swift-swim",https://raw.githubusercontent.com/PokeAPI/sprites/master/sprites/pokemon/other/official-artwork/62.png,4,45,False,50,20,water1,26,3,50% Male / 50% Female
63,abra,62,9,195,psychic,,25,20,15,105,55,90,"synchronize, inner-focus, magic-guard",https://raw.githubusercontent.com/PokeAPI/sprites/master/sprites/pokemon/other/official-artwork/63.png,2,200,False,50,20,humanshape,27,1,75% Male / 25% Female
64,kadabra,140,13,565,psychic,,40,35,30,120,70,105,"synchronize, inner-focus, magic-guard",https://raw.githubusercontent.com/PokeAPI/sprites/master/sprites/pokemon/other/official-artwork/64.png,2,100,False,50,20,humanshape,27,2,75% Male / 25% Female
65,alakazam,250,15,480,psychic,,55,50,45,135,95,120,"synchronize, inner-focus, magic-guard",https://raw.githubusercontent.com/PokeAPI/sprites/master/sprites/pokemon/other/official-artwork/65.png,2,50,False,50,20,humanshape,27,3,75% Male / 25% Female
66,machop,61,8,195,fighting,,70,80,50,35,35,35,"guts, no-guard, steadfast",https://raw.githubusercontent.com/PokeAPI/sprites/master/sprites/pokemon/other/official-artwork/66.png,2,180,False,50,20,humanshape,28,1,75% Male / 25% Female
67,machoke,142,15,705,fighting,,80,100,70,50,60,45,"guts, no-guard, steadfast",https://raw.githubusercontent.com/PokeAPI/sprites/master/sprites/pokemon/other/official-artwork/67.png,2,90,False,50,20,humanshape,28,2,75% Male / 25% Female
68,machamp,253,16,1300,fighting,,90,130,80,65,85,55,"guts, no-guard, steadfast",https://raw.githubusercontent.com/PokeAPI/sprites/master/sprites/pokemon/other/official-artwork/68.png,2,45,False,50,20,humanshape,28,3,75% Male / 25% Female
69,bellsprout,60,7,40,grass,poison,50,75,35,70,30,40,"chlorophyll, gluttony",https://raw.githubusercontent.com/PokeAPI/sprites/master/sprites/pokemon/other/official-artwork/69.png,4,255,False,70,20,plant,29,1,50% Male / 50% Female
70,weepinbell,137,10,64,grass,poison,65,90,50,85,45,55,"chlorophyll, gluttony",https://raw.githubusercontent.com/PokeAPI/sprites/master/sprites/pokemon/other/official-artwork/70.png,4,120,False,70,20,plant,29,2,50% Male / 50% Female
71,victreebel,221,17,155,grass,poison,80,105,65,100,70,70,"chlorophyll, gluttony",https://raw.githubusercontent.com/PokeAPI/sprites/master/sprites/pokemon/other/official-artwork/71.png,4,45,False,70,20,plant,29,3,50% Male / 50% Female
72,tentacool,67,9,455,water,poison,40,40,35,50,100,70,"clear-body, liquid-ooze, rain-dish",https://raw.githubusercontent.com/PokeAPI/sprites/master/sprites/pokemon/other/official-artwork/72.png,4,190,False,50,20,water3,30,1,50% Male / 50% Female
73,tentacruel,180,16,550,water,poison,80,70,65,80,120,100,"clear-body, liquid-ooze, rain-dish",https://raw.githubusercontent.com/PokeAPI/sprites/master/sprites/pokemon/other/official-artwork/73.png,4,60,False,50,20,water3,30,2,50% Male / 50% Female
74,geodude,60,4,200,rock,ground,40,80,100,30,30,20,"rock-head, sturdy, sand-veil",https://raw.githubusercontent.com/PokeAPI/sprites/master/sprites/pokemon/other/official-artwork/74.png,4,255,False,70,15,mineral,31,1,50% Male / 50% Female
75,graveler,137,10,1050,rock,ground,55,95,115,45,45,35,"rock-head, sturdy, sand-veil",https://raw.githubusercontent.com/PokeAPI/sprites/master/sprites/pokemon/other/official-artwork/75.png,4,120,False,70,15,mineral,31,2,50% Male / 50% Female
76,golem,223,14,3000,rock,ground,80,120,130,55,65,45,"rock-head, sturdy, sand-veil",https://raw.githubusercontent.com/PokeAPI/sprites/master/sprites/pokemon/other/official-artwork/76.png,4,45,False,70,15,mineral,31,3,50% Male / 50% Female
77,ponyta,82,10,300,fire,,50,85,55,65,65,90,"run-away, flash-fire, flame-body",https://raw.githubusercontent.com/PokeAPI/sprites/master/sprites/pokemon/other/official-artwork/77.png,4,190,False,50,20,ground,32,1,50% Male / 50% Female
78,rapidash,175,17,950,fire,,65,100,70,80,80,105,"run-away, flash-fire, flame-body",https://raw.githubusercontent.com/PokeAPI/sprites/master/sprites/pokemon/other/official-artwork/78.png,4,60,False,50,20,ground,32,2,50% Male / 50% Female
79,slowpoke,63,12,360,water,psychic,90,65,65,40,40,15,"oblivious, own-tempo, regenerator",https://raw.githubusercontent.com/PokeAPI/sprites/master/sprites/pokemon/other/official-artwork/79.png,4,190,False,50,20,"monster, water1",33,1,50% Male / 50% Female
80,slowbro,172,16,785,water,psychic,95,75,110,100,80,30,"oblivious, own-tempo, regenerator",https://raw.githubusercontent.com/PokeAPI/sprites/master/sprites/pokemon/other/official-artwork/80.png,4,75,False,50,20,"monster, water1",33,2,50% Male / 50% Female
81,magnemite,65,3,60,electric,steel,25,35,70,95,55,45,"magnet-pull, sturdy, analytic",https://raw.githubusercontent.com/PokeAPI/sprites/master/sprites/pokemon/other/official-artwork/81.png,-1,190,False,50,20,mineral,34,1,Genderless
82,magneton,163,10,600,electric,steel,50,60,95,120,70,70,"magnet-pull, sturdy, analytic",https://raw.githubusercontent.com/PokeAPI/sprites/master/sprites/pokemon/other/official-artwork/82.png,-1,60,False,50,20,mineral,34,2,Genderless
83,farfetchd,132,8,150,normal,flying,52,90,55,58,62,60,"keen-eye, inner-focus, defiant",https://raw.githubusercontent.com/PokeAPI/sprites/master/sprites/pokemon/other/official-artwork/83.png,4,45,False,50,20,"flying, ground",35,1,50% Male / 50% Female
84,doduo,62,14,392,normal,flying,35,85,45,35,35,75,"run-away, early-bird, tangled-feet",https://raw.githubusercontent.com/PokeAPI/sprites/master/sprites/pokemon/other/official-artwork/84.png,4,190,False,70,20,flying,36,1,50% Male / 50% Female
85,dodrio,165,18,852,normal,flying,60,110,70,60,60,110,"run-away, early-bird, tangled-feet",https://raw.githubusercontent.com/PokeAPI/sprites/master/sprites/pokemon/other/official-artwork/85.png,4,45,False,70,20,flying,36,2,50% Male / 50% Female
86,seel,65,11,900,water,,65,45,55,45,70,45,"thick-fat, hydration, ice-body",https://raw.githubusercontent.com/PokeAPI/sprites/master/sprites/pokemon/other/official-artwork/86.png,4,190,False,70,20,"water1, ground",37,1,50% Male / 50% Female
87,dewgong,166,17,1200,water,ice,90,70,80,70,95,70,"thick-fat, hydration, ice-body",https://raw.githubusercontent.com/PokeAPI/sprites/master/sprites/pokemon/other/official-artwork/87.png,4,75,False,70,20,"water1, ground",37,2,50% Male / 50% Female
88,grimer,65,9,300,poison,,80,80,50,40,50,25,"stench, sticky-hold, poison-touch",https://raw.githubusercontent.com/PokeAPI/sprites/master/sprites/pokemon/other/official-artwork/88.png,4,190,False,70,20,indeterminate,38,1,50% Male / 50% Female
89,muk,175,12,300,poison,,105,105,75,65,100,50,"stench, sticky-hold, poison-touch",https://raw.githubusercontent.com/PokeAPI/sprites/master/sprites/pokemon/other/official-artwork/89.png,4,75,False,70,20,indeterminate,38,2,50% Male / 50% Female
90,shellder,61,3,40,water,,30,65,100,45,25,40,"shell-armor, skill-link, overcoat",https://raw.githubusercontent.com/PokeAPI/sprites/master/sprites/pokemon/other/official-artwork/90.png,4,190,False,50,20,water3,39,1,50% Male / 50% Female
91,cloyster,184,15,1325,water,ice,50,95,180,85,45,70,"shell-armor, skill-link, overcoat",https://raw.githubusercontent.com/PokeAPI/sprites/master/sprites/pokemon/other/official-artwork/91.png,4,60,False,50,20,water3,39,2,50% Male / 50% Female
92,gastly,62,13,1,ghost,poison,30,35,30,100,35,80,levitate,https://raw.githubusercontent.com/PokeAPI/sprites/master/sprites/pokemon/other/official-artwork/92.png,4,190,False,50,20,indeterminate,40,1,50% Male / 50% Female
93,haunter,142,16,1,ghost,poison,45,50,45,115,55,95,levitate,https://raw.githubusercontent.com/PokeAPI/sprites/master/sprites/pokemon/other/official-artwork/93.png,4,90,False,50,20,indeterminate,40,2,50% Male / 50% Female
94,gengar,250,15,405,ghost,poison,60,65,60,130,75,110,cursed-body,https://raw.githubusercontent.com/PokeAPI/sprites/master/sprites/pokemon/other/official-artwork/94.png,4,45,False,50,20,indeterminate,40,3,50% Male / 50% Female
95,onix,77,88,2100,rock,ground,35,45,160,30,45,70,"rock-head, sturdy, weak-armor",https://raw.githubusercontent.com/PokeAPI/sprites/master/sprites/pokemon/other/official-artwork/95.png,4,45,False,50,25,mineral,41,1,50% Male / 50% Female
96,drowzee,66,10,324,psychic,,60,48,45,43,90,42,"insomnia, forewarn, inner-focus",https://raw.githubusercontent.com/PokeAPI/sprites/master/sprites/pokemon/other/official-artwork/96.png,4,190,False,70,20,humanshape,42,1,50% Male / 50% Female
97,hypno,169,16,756,psychic,,85,73,70,73,115,67,"insomnia, forewarn, inner-focus",https://raw.githubusercontent.com/PokeAPI/sprites/master/sprites/pokemon/other/official-artwork/97.png,4,75,False,70,20,humanshape,42,2,50% Male / 50% Female
98,krabby,65,4,65,water,,30,105,90,25,25,50,"hyper-cutter, shell-armor, sheer-force",https://raw.githubusercontent.com/PokeAPI/sprites/master/sprites/pokemon/other/official-artwork/98.png,4,225,False,50,20,water3,43,1,50% Male / 50% Female
99,kingler,166,13,600,water,,55,130,115,50,50,75,"hyper-cutter, shell-armor, sheer-force",https://raw.githubusercontent.com/PokeAPI/sprites/master/sprites/pokemon/other/official-artwork/99.png,4,60,False,50,20,water3,43,2,50% Male / 50% Female
100,voltorb,66,5,104,electric,,40,30,50,55,55,100,"soundproof, static, aftermath",https://raw.githubusercontent.com/PokeAPI/sprites/master/sprites/pokemon/other/official-artwork/100.png,-1,190,False,70,20,mineral,44,1,Genderless
101,electrode,172,12,666,electric,,60,50,70,80,80,150,"soundproof, static, aftermath",https://raw.githubusercontent.com/PokeAPI/sprites/master/sprites/pokemon/other/official-artwork/101.png,-1,60,False,70,20,mineral,44,2,Genderless
102,exeggcute,65,4,25,grass,psychic,60,40,80,60,45,40,"chlorophyll, harvest",https://raw.githubusercontent.com/PokeAPI/sprites/master/sprites/pokemon/other/official-artwork/102.png,4,90,False,50,20,plant,45,1,50% Male / 50% Female
103,exeggutor,186,20,1200,grass,psychic,95,95,85,125,75,55,"chlorophyll, harvest",https://raw.githubusercontent.com/PokeAPI/sprites/master/sprites/pokemon/other/official-artwork/103.png,4,45,False,50,20,plant,45,2,50% Male / 50% Female
104,cubone,64,4,65,ground,,50,50,95,40,50,35,"rock-head, lightning-rod, battle-armor",https://raw.githubusercontent.com/PokeAPI/sprites/master/sprites/pokemon/other/official-artwork/104.png,4,190,False,50,20,monster,46,1,50% Male / 50% Female
105,marowak,149,10,450,ground,,60,80,110,50,80,45,"rock-head, lightning-rod, battle-armor",https://raw.githubusercontent.com/PokeAPI/sprites/master/sprites/pokemon/other/official-artwork/105.png,4,75,False,50,20,monster,46,2,50% Male / 50% Female
106,hitmonlee,159,15,498,fighting,,50,120,53,35,110,87,"limber, reckless, unburden",https://raw.githubusercontent.com/PokeAPI/sprites/master/sprites/pokemon/other/official-artwork/106.png,0,45,False,50,25,humanshape,47,2,100% Male
107,hitmonchan,159,14,502,fighting,,50,105,79,35,110,76,"keen-eye, iron-fist, inner-focus",https://raw.githubusercontent.com/PokeAPI/sprites/master/sprites/pokemon/other/official-artwork/107.png,0,45,False,50,25,humanshape,47,2,100% Male
108,lickitung,77,12,655,normal,,90,55,75,60,75,30,"own-tempo, oblivious, cloud-nine",https://raw.githubusercontent.com/PokeAPI/sprites/master/sprites/pokemon/other/official-artwork/108.png,4,45,False,50,20,monster,48,1,50% Male / 50% Female
109,koffing,68,6,10,poison,,40,65,95,60,45,35,"levitate, neutralizing-gas, stench",https://raw.githubusercontent.com/PokeAPI/sprites/master/sprites/pokemon/other/official-artwork/109.png,4,190,False,50,20,indeterminate,49,1,50% Male / 50% Female
110,weezing,172,12,95,poison,,65,90,120,85,70,60,"levitate, neutralizing-gas, stench",https://raw.githubusercontent.com/PokeAPI/sprites/master/sprites/pokemon/other/official-artwork/110.png,4,60,False,50,20,indeterminate,49,2,50% Male / 50% Female
111,rhyhorn,69,10,1150,ground,rock,80,85,95,30,30,25,"lightning-rod, rock-head, reckless",https://raw.githubusercontent.com/PokeAPI/sprites/master/sprites/pokemon/other/official-artwork/111.png,4,120,False,50,20,"monster, ground",50,1,50% Male / 50% Female
112,rhydon,170,19,1200,ground,rock,105,130,120,45,45,40,"lightning-rod, rock-head, reckless",https://raw.githubusercontent.com/PokeAPI/sprites/master/sprites/pokemon/other/official-artwork/112.png,4,60,False,50,20,"monster, ground",50,2,50% Male / 50% Female
113,chansey,395,11,346,normal,,250,5,5,35,105,50,"natural-cure, serene-grace, healer",https://raw.githubusercontent.com/PokeAPI/sprites/master/sprites/pokemon/other/official-artwork/113.png,8,30,False,140,40,fairy,51,2,100% Female
114,tangela,87,10,350,grass,,65,55,115,100,40,60,"chlorophyll, leaf-guard, regenerator",https://raw.githubusercontent.com/PokeAPI/sprites/master/sprites/pokemon/other/official-artwork/114.png,4,45,False,50,20,plant,52,1,50% Male / 50% Female
115,kangaskhan,172,22,800,normal,,105,95,80,40,80,90,"early-bird, scrappy, inner-focus",https://raw.githubusercontent.com/PokeAPI/sprites/master/sprites/pokemon/other/official-artwork/115.png,8,45,False,50,20,monster,53,1,100% Female
116,horsea,59,4,80,water,,30,40,70,70,25,60,"swift-swim, sniper, damp",https://raw.githubusercontent.com/PokeAPI/sprites/master/sprites/pokemon/other/official-artwork/116.png,4,225,False,50,20,"water1, dragon",54,1,50% Male / 50% Female
117,seadra,154,12,250,water,,55,65,95,95,45,85,"poison-point, sniper, damp",https://raw.githubusercontent.com/PokeAPI/sprites/master/sprites/pokemon/other/official-artwork/117.png,4,75,False,50,20,"water1, dragon",54,2,50% Male / 50% Female
118,goldeen,64,6,150,water,,45,67,60,35,50,63,"swift-swim, water-veil, lightning-rod",https://raw.githubusercontent.com/PokeAPI/sprites/master/sprites/pokemon/other/official-artwork/118.png,4,225,False,50,20,water2,55,1,50% Male / 50% Female
119,seaking,158,13,390,water,,80,92,65,65,80,68,"swift-swim, water-veil, lightning-rod",https://raw.githubusercontent.com/PokeAPI/sprites/master/sprites/pokemon/other/official-artwork/119.png,4,60,False,50,20,water2,55,2,50% Male / 50% Female
120,staryu,68,8,345,water,,30,45,55,70,55,85,"illuminate, natural-cure, analytic",https://raw.githubusercontent.com/PokeAPI/sprites/master/sprites/pokemon/other/official-artwork/120.png,-1,225,False,50,20,water3,56,1,Genderless
121,starmie,182,11,800,water,psychic,60,75,85,100,85,115,"illuminate, natural-cure, analytic",https://raw.githubusercontent.com/PokeAPI/sprites/master/sprites/pokemon/other/official-artwork/121.png,-1,60,False,50,20,water3,56,2,Genderless
122,mr-mime,161,13,545,psychic,fairy,40,45,65,100,120,90,"soundproof, filter, technician",https://raw.githubusercontent.com/PokeAPI/sprites/master/sprites/pokemon/other/official-artwork/122.png,4,45,False,50,25,humanshape,57,2,50% Male / 50% Female
123,scyther,100,15,560,bug,flying,70,110,80,55,80,105,"swarm, technician, steadfast",https://raw.githubusercontent.com/PokeAPI/sprites/master/sprites/pokemon/other/official-artwork/123.png,4,45,False,50,25,bug,58,1,50% Male / 50% Female
124,jynx,159,14,406,ice,psychic,65,50,35,115,95,95,"oblivious, forewarn, dry-skin",https://raw.githubusercontent.com/PokeAPI/sprites/master/sprites/pokemon/other/official-artwork/124.png,8,45,False,50,25,humanshape,59,2,100% Female
125,electabuzz,172,11,300,electric,,65,83,57,95,85,105,"static, vital-spirit",https://raw.githubusercontent.com/PokeAPI/sprites/master/sprites/pokemon/other/official-artwork/125.png,2,45,False,50,25,humanshape,60,2,75% Male / 25% Female
126,magmar,173,13,445,fire,,65,95,57,100,85,93,"flame-body, vital-spirit",https://raw.githubusercontent.com/PokeAPI/sprites/master/sprites/pokemon/other/official-artwork/126.png,2,45,False,50,25,humanshape,61,2,75% Male / 25% Female
127,pinsir,175,15,550,bug,,65,125,100,55,70,85,"hyper-cutter, mold-breaker, moxie",https://raw.githubusercontent.com/PokeAPI/sprites/master/sprites/pokemon/other/official-artwork/127.png,4,45,False,50,25,bug,62,1,50% Male / 50% Female
128,tauros,172,14,884,normal,,75,100,95,40,70,110,"intimidate, anger-point, sheer-force",https://raw.githubusercontent.com/PokeAPI/sprites/master/sprites/pokemon/other/official-artwork/128.png,0,45,False,50,20,ground,63,1,100% Male
129,magikarp,40,9,100,water,,20,10,55,15,20,80,"swift-swim, rattled",https://raw.githubusercontent.com/PokeAPI/sprites/master/sprites/pokemon/other/official-artwork/129.png,4,255,False,50,5,"water2, dragon",64,1,50% Male / 50% Female
130,gyarados,189,65,2350,water,flying,95,125,79,60,100,81,"intimidate, moxie",https://raw.githubusercontent.com/PokeAPI/sprites/master/sprites/pokemon/other/official-artwork/130.png,4,45,False,50,5,"water2, dragon",64,2,50% Male / 50% Female
131,lapras,187,25,2200,water,ice,130,85,80,85,95,60,"water-absorb, shell-armor, hydration",https://raw.githubusercontent.com/PokeAPI/sprites/master/sprites/pokemon/other/official-artwork/131.png,4,45,False,50,40,"monster, water1",65,1,50% Male / 50% Female
132,ditto,101,3,40,normal,,48,48,48,48,48,48,"limber, imposter",https://raw.githubusercontent.com/PokeAPI/sprites/master/sprites/pokemon/other/official-artwork/132.png,-1,35,False,50,20,ditto,66,1,Genderless
133,eevee,65,3,65,normal,,55,55,50,45,65,55,"run-away, adaptability, anticipation",https://raw.githubusercontent.com/PokeAPI/sprites/master/sprites/pokemon/other/official-artwork/133.png,1,45,False,50,35,ground,67,1,87% Male / 12% Female
134,vaporeon,184,10,290,water,,130,65,60,110,95,65,"water-absorb, hydration",https://raw.githubusercontent.com/PokeAPI/sprites/master/sprites/pokemon/other/official-artwork/134.png,1,45,False,50,35,ground,67,2,87% Male / 12% Female
135,jolteon,184,8,245,electric,,65,65,60,110,95,130,"volt-absorb, quick-feet",https://raw.githubusercontent.com/PokeAPI/sprites/master/sprites/pokemon/other/official-artwork/135.png,1,45,False,50,35,ground,67,2,87% Male / 12% Female
136,flareon,184,9,250,fire,,65,130,60,95,110,65,"flash-fire, guts",https://raw.githubusercontent.com/PokeAPI/sprites/master/sprites/pokemon/other/official-artwork/136.png,1,45,False,50,35,ground,67,2,87% Male / 12% Female
137,porygon,79,8,365,normal,,65,60,70,85,75,40,"trace, download, analytic",https://raw.githubusercontent.com/PokeAPI/sprites/master/sprites/pokemon/other/official-artwork/137.png,-1,45,False,50,20,mineral,68,1,Genderless
138,omanyte,71,4,75,rock,water,35,40,100,90,55,35,"swift-swim, shell-armor, weak-armor",https://raw.githubusercontent.com/PokeAPI/sprites/master/sprites/pokemon/other/official-artwork/138.png,1,45,False,50,30,"water1, water3",69,1,87% Male / 12% Female
139,omastar,173,10,350,rock,water,70,60,125,115,70,55,"swift-swim, shell-armor, weak-armor",https://raw.githubusercontent.com/PokeAPI/sprites/master/sprites/pokemon/other/official-artwork/139.png,1,45,False,50,30,"water1, water3",69,2,87% Male / 12% Female
140,kabuto,71,5,115,rock,water,30,80,90,55,45,55,"swift-swim, battle-armor, weak-armor",https://raw.githubusercontent.com/PokeAPI/sprites/master/sprites/pokemon/other/official-artwork/140.png,1,45,False,50,30,"water1, water3",70,1,87% Male / 12% Female
141,kabutops,173,13,405,rock,water,60,115,105,65,70,80,"swift-swim, battle-armor, weak-armor",https://raw.githubusercontent.com/PokeAPI/sprites/master/sprites/pokemon/other/official-artwork/141.png,1,45,False,50,30,"water1, water3",70,2,87% Male / 12% Female
142,aerodactyl,180,18,590,rock,flying,80,105,65,60,75,130,"rock-head, pressure, unnerve",https://raw.githubusercontent.com/PokeAPI/sprites/master/sprites/pokemon/other/official-artwork/142.png,1,45,False,50,35,flying,71,1,87% Male / 12% Female
143,snorlax,189,21,4600,normal,,160,110,65,65,110,30,"immunity, thick-fat, gluttony",https://raw.githubusercontent.com/PokeAPI/sprites/master/sprites/pokemon/other/official-artwork/143.png,1,25,False,50,40,monster,72,2,87% Male / 12% Female
144,articuno,290,17,554,ice,flying,90,85,100,95,125,85,"pressure, snow-cloak",https://raw.githubusercontent.com/PokeAPI/sprites/master/sprites/pokemon/other/official-artwork/144.png,-1,3,True,35,80,no-eggs,73,1,Genderless
145,zapdos,290,16,526,electric,flying,90,90,85,125,90,100,"pressure, static",https://raw.githubusercontent.com/PokeAPI/sprites/master/sprites/pokemon/other/official-artwork/145.png,-1,3,True,35,80,no-eggs,74,1,Genderless
146,moltres,290,20,600,fire,flying,90,100,90,125,85,90,"pressure, flame-body",https://raw.githubusercontent.com/PokeAPI/sprites/master/sprites/pokemon/other/official-artwork/146.png,-1,3,True,35,80,no-eggs,75,1,Genderless
147,dratini,60,18,33,dragon,,41,64,45,50,50,50,"shed-skin, marvel-scale",https://raw.githubusercontent.com/PokeAPI/sprites/master/sprites/pokemon/other/official-artwork/147.png,4,45,False,35,40,"water1, dragon",76,1,50% Male / 50% Female
148,dragonair,147,40,165,dragon,,61,84,65,70,70,70,"shed-skin, marvel-scale",https://raw.githubusercontent.com/PokeAPI/sprites/master/sprites/pokemon/other/official-artwork/148.png,4,45,False,35,40,"water1, dragon",76,2,50% Male / 50% Female
149,dragonite,300,22,2100,dragon,flying,91,134,95,100,100,80,"inner-focus, multiscale",https://raw.githubusercontent.com/PokeAPI/sprites/master/sprites/pokemon/other/official-artwork/149.png,4,45,False,35,40,"water1, dragon",76,3,50% Male / 50% Female
150,mewtwo,340,20,1220,psychic,,106,110,90,154,90,130,"pressure, unnerve",https://raw.githubusercontent.com/PokeAPI/sprites/master/sprites/pokemon/other/official-artwork/150.png,-1,3,True,0,120,no-eggs,77,1,Genderless
151,mew,300,4,40,psychic,,100,100,100,100,100,100,synchronize,https://raw.githubusercontent.com/PokeAPI/sprites/master/sprites/pokemon/other/official-artwork/151.png,-1,45,False,100,120,no-eggs,78,1,Genderless
152,chikorita,64,9,64,grass,,45,49,65,49,65,45,"overgrow, leaf-guard",https://raw.githubusercontent.com/PokeAPI/sprites/master/sprites/pokemon/other/official-artwork/152.png,1,45,False,70,20,"monster, plant",79,1,87% Male / 12% Female
153,bayleef,142,12,158,grass,,60,62,80,63,80,60,"overgrow, leaf-guard",https://raw.githubusercontent.com/PokeAPI/sprites/master/sprites/pokemon/other/official-artwork/153.png,1,45,False,70,20,"monster, plant",79,2,87% Male / 12% Female
154,meganium,236,18,1005,grass,,80,82,100,83,100,80,"overgrow, leaf-guard",https://raw.githubusercontent.com/PokeAPI/sprites/master/sprites/pokemon/other/official-artwork/154.png,1,45,False,70,20,"monster, plant",79,3,87% Male / 12% Female
155,cyndaquil,62,5,79,fire,,39,52,43,60,50,65,"blaze, flash-fire",https://raw.githubusercontent.com/PokeAPI/sprites/master/sprites/pokemon/other/official-artwork/155.png,1,45,False,70,20,ground,80,1,87% Male / 12% Female
156,quilava,142,9,190,fire,,58,64,58,80,65,80,"blaze, flash-fire",https://raw.githubusercontent.com/PokeAPI/sprites/master/sprites/pokemon/other/official-artwork/156.png,1,45,False,70,20,ground,80,2,87% Male / 12% Female
157,typhlosion,240,17,795,fire,,78,84,78,109,85,100,"blaze, flash-fire",https://raw.githubusercontent.com/PokeAPI/sprites/master/sprites/pokemon/other/official-artwork/157.png,1,45,False,70,20,ground,80,3,87% Male / 12% Female
158,totodile,63,6,95,water,,50,65,64,44,48,43,"torrent, sheer-force",https://raw.githubusercontent.com/PokeAPI/sprites/master/sprites/pokemon/other/official-artwork/158.png,1,45,False,70,20,"monster, water1",81,1,87% Male / 12% Female
159,croconaw,142,11,250,water,,65,80,80,59,63,58,"torrent, sheer-force",https://raw.githubusercontent.com/PokeAPI/sprites/master/sprites/pokemon/other/official-artwork/159.png,1,45,False,70,20,"monster, water1",81,2,87% Male / 12% Female
160,feraligatr,239,23,888,water,,85,105,100,79,83,78,"torrent, sheer-force",https://raw.githubusercontent.com/PokeAPI/sprites/master/sprites/pokemon/other/official-artwork/160.png,1,45,False,70,20,"monster, water1",81,3,87% Male / 12% Female
161,sentret,43,8,60,normal,,35,46,34,35,45,20,"run-away, keen-eye, frisk",https://raw.githubusercontent.com/PokeAPI/sprites/master/sprites/pokemon/other/official-artwork/161.png,4,255,False,70,15,ground,82,1,50% Male / 50% Female
162,furret,145,18,325,normal,,85,76,64,45,55,90,"run-away, keen-eye, frisk",https://raw.githubusercontent.com/PokeAPI/sprites/master/sprites/pokemon/other/official-artwork/162.png,4,90,False,70,15,ground,82,2,50% Male / 50% Female
163,hoothoot,52,7,212,normal,flying,60,30,30,36,56,50,"insomnia, keen-eye, tinted-lens",https://raw.githubusercontent.com/PokeAPI/sprites/master/sprites/pokemon/other/official-artwork/163.png,4,255,False,50,15,flying,83,1,50% Male / 50% Female
164,noctowl,158,16,408,normal,flying,100,50,50,86,96,70,"insomnia, keen-eye, tinted-lens",https://raw.githubusercontent.com/PokeAPI/sprites/master/sprites/pokemon/other/official-artwork/164.png,4,90,False,50,15,flying,83,2,50% Male / 50% Female
165,ledyba,53,10,108,bug,flying,40,20,30,40,80,55,"swarm, early-bird, rattled",https://raw.githubusercontent.com/PokeAPI/sprites/master/sprites/pokemon/other/official-artwork/165.png,4,255,False,70,15,bug,84,1,50% Male / 50% Female
166,ledian,137,14,356,bug,flying,55,35,50,55,110,85,"swarm, early-bird, iron-fist",https://raw.githubusercontent.com/PokeAPI/sprites/master/sprites/pokemon/other/official-artwork/166.png,4,90,False,70,15,bug,84,2,50% Male / 50% Female
167,spinarak,50,5,85,bug,poison,40,60,40,40,40,30,"swarm, insomnia, sniper",https://raw.githubusercontent.com/PokeAPI/sprites/master/sprites/pokemon/other/official-artwork/167.png,4,255,False,70,15,bug,85,1,50% Male / 50% Female
168,ariados,140,11,335,bug,poison,70,90,70,60,70,40,"swarm, insomnia, sniper",https://raw.githubusercontent.com/PokeAPI/sprites/master/sprites/pokemon/other/official-artwork/168.png,4,90,False,70,15,bug,85,2,50% Male / 50% Female
169,crobat,268,18,750,poison,flying,85,90,80,70,80,130,"inner-focus, infiltrator",https://raw.githubusercontent.com/PokeAPI/sprites/master/sprites/pokemon/other/official-artwork/169.png,4,90,False,50,15,flying,17,3,50% Male / 50% Female
170,chinchou,66,5,120,water,electric,75,38,38,56,56,67,"volt-absorb, illuminate, water-absorb",https://raw.githubusercontent.com/PokeAPI/sprites/master/sprites/pokemon/other/official-artwork/170.png,4,190,False,50,20,water2,86,1,50% Male / 50% Female
171,lanturn,161,12,225,water,electric,125,58,58,76,76,67,"volt-absorb, illuminate, water-absorb",https://raw.githubusercontent.com/PokeAPI/sprites/master/sprites/pokemon/other/official-artwork/171.png,4,75,False,50,20,water2,86,2,50% Male / 50% Female
172,pichu,41,3,20,electric,,20,40,15,35,35,60,"static, lightning-rod",https://raw.githubusercontent.com/PokeAPI/sprites/master/sprites/pokemon/other/official-artwork/172.png,4,190,False,50,10,no-eggs,10,1,50% Male / 50% Female
173,cleffa,44,3,30,fairy,,50,25,28,45,55,15,"cute-charm, magic-guard, friend-guard",https://raw.githubusercontent.com/PokeAPI/sprites/master/sprites/pokemon/other/official-artwork/173.png,6,150,False,140,10,no-eggs,14,1,25% Male / 75% Female
174,igglybuff,42,3,10,normal,fairy,90,30,15,40,20,15,"cute-charm, competitive, friend-guard",https://raw.githubusercontent.com/PokeAPI/sprites/master/sprites/pokemon/other/official-artwork/174.png,6,170,False,50,10,no-eggs,16,1,25% Male / 75% Female
175,togepi,49,3,15,fairy,,35,20,65,40,65,20,"hustle, serene-grace, super-luck",https://raw.githubusercontent.com/PokeAPI/sprites/master/sprites/pokemon/other/official-artwork/175.png,1,190,False,50,10,no-eggs,87,1,87% Male / 12% Female
176,togetic,142,6,32,fairy,flying,55,40,85,80,105,40,"hustle, serene-grace, super-luck",https://raw.githubusercontent.com/PokeAPI/sprites/master/sprites/pokemon/other/official-artwork/176.png,1,75,False,50,10,"flying, fairy",87,2,87% Male / 12% Female
177,natu,64,2,20,psychic,flying,40,50,45,70,45,70,"synchronize, early-bird, magic-bounce",https://raw.githubusercontent.com/PokeAPI/sprites/master/sprites/pokemon/other/official-artwork/177.png,4,190,False,50,20,flying,88,1,50% Male / 50% Female
178,xatu,165,15,150,psychic,flying,65,75,70,95,70,95,"synchronize, early-bird, magic-bounce",https://raw.githubusercontent.com/PokeAPI/sprites/master/sprites/pokemon/other/official-artwork/178.png,4,75,False,50,20,flying,88,2,50% Male / 50% Female
179,mareep,56,6,78,electric,,55,40,40,65,45,35,"static, plus",https://raw.githubusercontent.com/PokeAPI/sprites/master/sprites/pokemon/other/official-artwork/179.png,4,235,False,70,20,"monster, ground",89,1,50% Male / 50% Female
180,flaaffy,128,8,133,electric,,70,55,55,80,60,45,"static, plus",https://raw.githubusercontent.com/PokeAPI/sprites/master/sprites/pokemon/other/official-artwork/180.png,4,120,False,70,20,"monster, ground",89,2,50% Male / 50% Female
181,ampharos,230,14,615,electric,,90,75,85,115,90,55,"static, plus",https://raw.githubusercontent.com/PokeAPI/sprites/master/sprites/pokemon/other/official-artwork/181.png,4,45,False,70,20,"monster, ground",89,3,50% Male / 50% Female
182,bellossom,245,4,58,grass,,75,80,95,90,100,50,"chlorophyll, healer",https://raw.githubusercontent.com/PokeAPI/sprites/master/sprites/pokemon/other/official-artwork/182.png,4,45,False,50,20,plant,18,3,50% Male / 50% Female
183,marill,88,4,85,water,fairy,70,20,50,20,50,40,"thick-fat, huge-power, sap-sipper",https://raw.githubusercontent.com/PokeAPI/sprites/master/sprites/pokemon/other/official-artwork/183.png,4,190,False,50,10,"water1, fairy",90,2,50% Male / 50% Female
184,azumarill,210,8,285,water,fairy,100,50,80,60,80,50,"thick-fat, huge-power, sap-sipper",https://raw.githubusercontent.com/PokeAPI/sprites/master/sprites/pokemon/other/official-artwork/184.png,4,75,False,50,10,"water1, fairy",90,3,50% Male / 50% Female
185,sudowoodo,144,12,380,rock,,70,100,115,30,65,30,"sturdy, rock-head, rattled",https://raw.githubusercontent.com/PokeAPI/sprites/master/sprites/pokemon/other/official-artwork/185.png,4,65,False,50,20,mineral,91,2,50% Male / 50% Female
186,politoed,250,11,339,water,,90,75,75,90,100,70,"water-absorb, damp, drizzle",https://raw.githubusercontent.com/PokeAPI/sprites/master/sprites/pokemon/other/official-artwork/186.png,4,45,False,50,20,water1,26,3,50% Male / 50% Female
187,hoppip,50,4,5,grass,flying,35,35,40,35,55,50,"chlorophyll, leaf-guard, infiltrator",https://raw.githubusercontent.com/PokeAPI/sprites/master/sprites/pokemon/other/official-artwork/187.png,4,255,False,70,20,"fairy, plant",92,1,50% Male / 50% Female
188,skiploom,119,6,10,grass,flying,55,45,50,45,65,80,"chlorophyll, leaf-guard, infiltrator",https://raw.githubusercontent.com/PokeAPI/sprites/master/sprites/pokemon/other/official-artwork/188.png,4,120,False,70,20,"fairy, plant",92,2,50% Male / 50% Female
189,jumpluff,207,8,30,grass,flying,75,55,70,55,95,110,"chlorophyll, leaf-guard, infiltrator",https://raw.githubusercontent.com/PokeAPI/sprites/master/sprites/pokemon/other/official-artwork/189.png,4,45,False,70,20,"fairy, plant",92,3,50% Male / 50% Female
190,aipom,72,8,115,normal,,55,70,55,40,55,85,"run-away, pickup, skill-link",https://raw.githubusercontent.com/PokeAPI/sprites/master/sprites/pokemon/other/official-artwork/190.png,4,45,False,70,20,ground,93,1,50% Male / 50% Female
191,sunkern,36,3,18,grass,,30,30,30,30,30,30,"chlorophyll, solar-power, early-bird",https://raw.githubusercontent.com/PokeAPI/sprites/master/sprites/pokemon/other/official-artwork/191.png,4,235,False,70,20,plant,94,1,50% Male / 50% Female
192,sunflora,149,8,85,grass,,75,75,55,105,85,30,"chlorophyll, solar-power, early-bird",https://raw.githubusercontent.com/PokeAPI/sprites/master/sprites/pokemon/other/official-artwork/192.png,4,120,False,70,20,plant,94,2,50% Male / 50% Female
193,yanma,78,12,380,bug,flying,65,65,45,75,45,95,"speed-boost, compound-eyes, frisk",https://raw.githubusercontent.com/PokeAPI/sprites/master/sprites/pokemon/other/official-artwork/193.png,4,75,False,70,20,bug,95,1,50% Male / 50% Female
194,wooper,42,4,85,water,ground,55,45,45,25,25,15,"damp, water-absorb, unaware",https://raw.githubusercontent.com/PokeAPI/sprites/master/sprites/pokemon/other/official-artwork/194.png,4,255,False,50,20,"water1, ground",96,1,50% Male / 50% Female
195,quagsire,151,14,750,water,ground,95,85,85,65,65,35,"damp, water-absorb, unaware",https://raw.githubusercontent.com/PokeAPI/sprites/master/sprites/pokemon/other/official-artwork/195.png,4,90,False,50,20,"water1, ground",96,2,50% Male / 50% Female
196,espeon,184,9,265,psychic,,65,65,60,130,95,110,"synchronize, magic-bounce",https://raw.githubusercontent.com/PokeAPI/sprites/master/sprites/pokemon/other/official-artwork/196.png,1,45,False,50,35,ground,67,2,87% Male / 12% Female
197,umbreon,184,10,270,dark,,95,65,110,60,130,65,"synchronize, inner-focus",https://raw.githubusercontent.com/PokeAPI/sprites/master/sprites/pokemon/other/official-artwork/197.png,1,45,False,35,35,ground,67,2,87% Male / 12% Female
198,murkrow,81,5,21,dark,flying,60,85,42,85,42,91,"insomnia, super-luck, prankster",https://raw.githubusercontent.com/PokeAPI/sprites/master/sprites/pokemon/other/official-artwork/198.png,4,30,False,35,20,flying,97,1,50% Male / 50% Female
199,slowking,172,20,795,water,psychic,95,75,80,100,110,30,"oblivious, own-tempo, regenerator",https://raw.githubusercontent.com/PokeAPI/sprites/master/sprites/pokemon/other/official-artwork/199.png,4,70,False,50,20,"monster, water1",33,2,50% Male / 50% Female
200,misdreavus,87,7,10,ghost,,60,60,60,85,85,85,levitate,https://raw.githubusercontent.com/PokeAPI/sprites/master/sprites/pokemon/other/official-artwork/200.png,4,45,False,35,25,indeterminate,98,1,50% Male / 50% Female
201,unown,118,5,50,psychic,,48,72,48,72,48,48,levitate,https://raw.githubusercontent.com/PokeAPI/sprites/master/sprites/pokemon/other/official-artwork/201.png,-1,225,False,70,40,no-eggs,99,1,Genderless
202,wobbuffet,142,13,285,psychic,,190,33,58,33,58,33,"shadow-tag, telepathy",https://raw.githubusercontent.com/PokeAPI/sprites/master/sprites/pokemon/other/official-artwork/202.png,4,45,False,50,20,indeterminate,100,2,50% Male / 50% Female
203,girafarig,159,15,415,normal,psychic,70,80,65,90,65,85,"inner-focus, early-bird, sap-sipper",https://raw.githubusercontent.com/PokeAPI/sprites/master/sprites/pokemon/other/official-artwork/203.png,4,60,False,70,20,ground,101,1,50% Male / 50% Female
204,pineco,58,6,72,bug,,50,65,90,35,35,15,"sturdy, overcoat",https://raw.githubusercontent.com/PokeAPI/sprites/master/sprites/pokemon/other/official-artwork/204.png,4,190,False,70,20,bug,102,1,50% Male / 50% Female
205,forretress,163,12,1258,bug,steel,75,90,140,60,60,40,"sturdy, overcoat",https://raw.githubusercontent.com/PokeAPI/sprites/master/sprites/pokemon/other/official-artwork/205.png,4,75,False,70,20,bug,102,2,50% Male / 50% Female
206,dunsparce,145,15,140,normal,,100,70,70,65,65,45,"serene-grace, run-away, rattled",https://raw.githubusercontent.com/PokeAPI/sprites/master/sprites/pokemon/other/official-artwork/206.png,4,190,False,50,20,ground,103,1,50% Male / 50% Female
207,gligar,86,11,648,ground,flying,65,75,105,35,65,85,"hyper-cutter, sand-veil, immunity",https://raw.githubusercontent.com/PokeAPI/sprites/master/sprites/pokemon/other/official-artwork/207.png,4,60,False,70,20,bug,104,1,50% Male / 50% Female
208,steelix,179,92,4000,steel,ground,75,85,200,55,65,30,"rock-head, sturdy, sheer-force",https://raw.githubusercontent.com/PokeAPI/sprites/master/sprites/pokemon/other/official-artwork/208.png,4,25,False,50,25,mineral,41,2,50% Male / 50% Female
209,snubbull,60,6,78,fairy,,60,80,50,40,40,30,"intimidate, run-away, rattled",https://raw.githubusercontent.com/PokeAPI/sprites/master/sprites/pokemon/other/official-artwork/209.png,6,190,False,70,20,"ground, fairy",105,1,25% Male / 75% Female
210,granbull,158,14,487,fairy,,90,120,75,60,60,45,"intimidate, quick-feet, rattled",https://raw.githubusercontent.com/PokeAPI/sprites/master/sprites/pokemon/other/official-artwork/210.png,6,75,False,70,20,"ground, fairy",105,2,25% Male / 75% Female
211,qwilfish,88,5,39,water,poison,65,95,85,55,55,85,"poison-point, swift-swim, intimidate",https://raw.githubusercontent.com/PokeAPI/sprites/master/sprites/pokemon/other/official-artwork/211.png,4,45,False,50,20,water2,106,1,50% Male / 50% Female
212,scizor,175,18,1180,bug,steel,70,130,100,55,80,65,"swarm, technician, light-metal",https://raw.githubusercontent.com/PokeAPI/sprites/master/sprites/pokemon/other/official-artwork/212.png,4,25,False,50,25,bug,58,2,50% Male / 50% Female
213,shuckle,177,6,205,bug,rock,20,10,230,10,230,5,"sturdy, gluttony, contrary",https://raw.githubusercontent.com/PokeAPI/sprites/master/sprites/pokemon/other/official-artwork/213.png,4,190,False,50,20,bug,107,1,50% Male / 50% Female
214,heracross,175,15,540,bug,fighting,80,125,75,40,95,85,"swarm, guts, moxie",https://raw.githubusercontent.com/PokeAPI/sprites/master/sprites/pokemon/other/official-artwork/214.png,4,45,False,50,25,bug,108,1,50% Male / 50% Female
215,sneasel,86,9,280,dark,ice,55,95,55,35,75,115,"inner-focus, keen-eye, pickpocket",https://raw.githubusercontent.com/PokeAPI/sprites/master/sprites/pokemon/other/official-artwork/215.png,4,60,False,35,20,ground,109,1,50% Male / 50% Female
216,teddiursa,66,6,88,normal,,60,80,50,50,50,40,"pickup, quick-feet, honey-gather",https://raw.githubusercontent.com/PokeAPI/sprites/master/sprites/pokemon/other/official-artwork/216.png,4,120,False,70,20,ground,110,1,50% Male / 50% Female
217,ursaring,175,18,1258,normal,,90,130,75,75,75,55,"guts, quick-feet, unnerve",https://raw.githubusercontent.com/PokeAPI/sprites/master/sprites/pokemon/other/official-artwork/217.png,4,60,False,70,20,ground,110,2,50% Male / 50% Female
218,slugma,50,7,350,fire,,40,40,40,70,40,20,"magma-armor, flame-body, weak-armor",https://raw.githubusercontent.com/PokeAPI/sprites/master/sprites/pokemon/other/official-artwork/218.png,4,190,False,70,20,indeterminate,111,1,50% Male / 50% Female
219,magcargo,151,8,550,fire,rock,60,50,120,90,80,30,"magma-armor, flame-body, weak-armor",https://raw.githubusercontent.com/PokeAPI/sprites/master/sprites/pokemon/other/official-artwork/219.png,4,75,False,70,20,indeterminate,111,2,50% Male / 50% Female
220,swinub,50,4,65,ice,ground,50,50,40,30,30,50,"oblivious, snow-cloak, thick-fat",https://raw.githubusercontent.com/PokeAPI/sprites/master/sprites/pokemon/other/official-artwork/220.png,4,225,False,50,20,ground,112,1,50% Male / 50% Female
221,piloswine,158,11,558,ice,ground,100,100,80,60,60,50,"oblivious, snow-cloak, thick-fat",https://raw.githubusercontent.com/PokeAPI/sprites/master/sprites/pokemon/other/official-artwork/221.png,4,75,False,50,20,ground,112,2,50% Male / 50% Female
222,corsola,144,6,50,water,rock,65,55,95,65,95,35,"hustle, natural-cure, regenerator",https://raw.githubusercontent.com/PokeAPI/sprites/master/sprites/pokemon/other/official-artwork/222.png,6,60,False,50,20,"water1, water3",113,1,25% Male / 75% Female
223,remoraid,60,6,120,water,,35,65,35,65,35,65,"hustle, sniper, moody",https://raw.githubusercontent.com/PokeAPI/sprites/master/sprites/pokemon/other/official-artwork/223.png,4,190,False,50,20,"water1, water2",114,1,50% Male / 50% Female
224,octillery,168,9,285,water,,75,105,75,105,75,45,"suction-cups, sniper, moody",https://raw.githubusercontent.com/PokeAPI/sprites/master/sprites/pokemon/other/official-artwork/224.png,4,75,False,50,20,"water1, water2",114,2,50% Male / 50% Female
225,delibird,116,9,160,ice,flying,45,55,45,65,45,75,"vital-spirit, hustle, insomnia",https://raw.githubusercontent.com/PokeAPI/sprites/master/sprites/pokemon/other/official-artwork/225.png,4,45,False,50,20,"water1, ground",115,1,50% Male / 50% Female
226,mantine,170,21,2200,water,flying,85,40,70,80,140,70,"swift-swim, water-absorb, water-veil",https://raw.githubusercontent.com/PokeAPI/sprites/master/sprites/pokemon/other/official-artwork/226.png,4,25,False,50,25,water1,116,2,50% Male / 50% Female
227,skarmory,163,17,505,steel,flying,65,80,140,40,70,70,"keen-eye, sturdy, weak-armor",https://raw.githubusercontent.com/PokeAPI/sprites/master/sprites/pokemon/other/official-artwork/227.png,4,25,False,50,25,flying,117,1,50% Male / 50% Female
228,houndour,66,6,108,dark,fire,45,60,30,80,50,65,"early-bird, flash-fire, unnerve",https://raw.githubusercontent.com/PokeAPI/sprites/master/sprites/pokemon/other/official-artwork/228.png,4,120,False,35,20,ground,118,1,50% Male / 50% Female
229,houndoom,175,14,350,dark,fire,75,90,50,110,80,95,"early-bird, flash-fire, unnerve",https://raw.githubusercontent.com/PokeAPI/sprites/master/sprites/pokemon/other/official-artwork/229.png,4,45,False,35,20,ground,118,2,50% Male / 50% Female
230,kingdra,270,18,1520,water,dragon,75,95,95,95,95,85,"swift-swim, sniper, damp",https://raw.githubusercontent.com/PokeAPI/sprites/master/sprites/pokemon/other/official-artwork/230.png,4,45,False,50,20,"water1, dragon",54,3,50% Male / 50% Female
231,phanpy,66,5,335,ground,,90,60,60,40,40,40,"pickup, sand-veil",https://raw.githubusercontent.com/PokeAPI/sprites/master/sprites/pokemon/other/official-artwork/231.png,4,120,False,70,20,ground,119,1,50% Male / 50% Female
232,donphan,175,11,1200,ground,,90,120,120,60,60,50,"sturdy, sand-veil",https://raw.githubusercontent.com/PokeAPI/sprites/master/sprites/pokemon/other/official-artwork/232.png,4,60,False,70,20,ground,119,2,50% Male / 50% Female
233,porygon2,180,6,325,normal,,85,80,90,105,95,60,"trace, download, analytic",https://raw.githubusercontent.com/PokeAPI/sprites/master/sprites/pokemon/other/official-artwork/233.png,-1,45,False,50,20,mineral,68,2,Genderless
234,stantler,163,14,712,normal,,73,95,62,85,65,85,"intimidate, frisk, sap-sipper",https://raw.githubusercontent.com/PokeAPI/sprites/master/sprites/pokemon/other/official-artwork/234.png,4,45,False,70,20,ground,120,1,50% Male / 50% Female
235,smeargle,88,12,580,normal,,55,20,35,20,45,75,"own-tempo, technician, moody",https://raw.githubusercontent.com/PokeAPI/sprites/master/sprites/pokemon/other/official-artwork/235.png,4,45,False,70,20,ground,121,1,50% Male / 50% Female
236,tyrogue,42,7,210,fighting,,35,35,35,35,35,35,"guts, steadfast, vital-spirit",https://raw.githubusercontent.com/PokeAPI/sprites/master/sprites/pokemon/other/official-artwork/236.png,0,75,False,50,25,no-eggs,47,1,100% Male
237,hitmontop,159,14,480,fighting,,50,95,95,35,110,70,"intimidate, technician, steadfast",https://raw.githubusercontent.com/PokeAPI/sprites/master/sprites/pokemon/other/official-artwork/237.png,0,45,False,50,25,humanshape,47,2,100% Male
238,smoochum,61,4,60,ice,psychic,45,30,15,85,65,65,"oblivious, forewarn, hydration",https://raw.githubusercontent.com/PokeAPI/sprites/master/sprites/pokemon/other/official-artwork/238.png,8,45,False,50,25,no-eggs,59,1,100% Female
239,elekid,72,6,235,electric,,45,63,37,65,55,95,"static, vital-spirit",https://raw.githubusercontent.com/PokeAPI/sprites/master/sprites/pokemon/other/official-artwork/239.png,2,45,False,50,25,no-eggs,60,1,75% Male / 25% Female
240,magby,73,7,214,fire,,45,75,37,70,55,83,"flame-body, vital-spirit",https://raw.githubusercontent.com/PokeAPI/sprites/master/sprites/pokemon/other/official-artwork/240.png,2,45,False,50,25,no-eggs,61,1,75% Male / 25% Female
241,miltank,172,12,755,normal,,95,80,105,40,70,100,"thick-fat, scrappy, sap-sipper",https://raw.githubusercontent.com/PokeAPI/sprites/master/sprites/pokemon/other/official-artwork/241.png,8,45,False,50,20,ground,122,1,100% Female
242,blissey,635,15,468,normal,,255,10,10,75,135,55,"natural-cure, serene-grace, healer",https://raw.githubusercontent.com/PokeAPI/sprites/master/sprites/pokemon/other/official-artwork/242.png,8,30,False,140,40,fairy,51,3,100% Female
243,raikou,290,19,1780,electric,,90,85,75,115,100,115,"pressure, inner-focus",https://raw.githubusercontent.com/PokeAPI/sprites/master/sprites/pokemon/other/official-artwork/243.png,-1,3,True,35,80,no-eggs,123,1,Genderless
244,entei,290,21,1980,fire,,115,115,85,90,75,100,"pressure, inner-focus",https://raw.githubusercontent.com/PokeAPI/sprites/master/sprites/pokemon/other/official-artwork/244.png,-1,3,True,35,80,no-eggs,124,1,Genderless
245,suicune,290,20,1870,water,,100,75,115,90,115,85,"pressure, inner-focus",https://raw.githubusercontent.com/PokeAPI/sprites/master/sprites/pokemon/other/official-artwork/245.png,-1,3,True,35,80,no-eggs,125,1,Genderless
246,larvitar,60,6,720,rock,ground,50,64,50,45,50,41,"guts, sand-veil",https://raw.githubusercontent.com/PokeAPI/sprites/master/sprites/pokemon/other/official-artwork/246.png,4,45,False,35,40,monster,126,1,50% Male / 50% Female
247,pupitar,144,12,1520,rock,ground,70,84,70,65,70,51,shed-skin,https://raw.githubusercontent.com/PokeAPI/sprites/master/sprites/pokemon/other/official-artwork/247.png,4,45,False,35,40,monster,126,2,50% Male / 50% Female
248,tyranitar,300,20,2020,rock,dark,100,134,110,95,100,61,"sand-stream, unnerve",https://raw.githubusercontent.com/PokeAPI/sprites/master/sprites/pokemon/other/official-artwork/248.png,4,45,False,35,40,monster,126,3,50% Male / 50% Female
249,lugia,340,52,2160,psychic,flying,106,90,130,90,154,110,"pressure, multiscale",https://raw.githubusercontent.com/PokeAPI/sprites/master/sprites/pokemon/other/official-artwork/249.png,-1,3,True,0,120,no-eggs,127,1,Genderless
250,ho-oh,340,38,1990,fire,flying,106,130,90,110,154,90,"pressure, regenerator",https://raw.githubusercontent.com/PokeAPI/sprites/master/sprites/pokemon/other/official-artwork/250.png,-1,3,True,0,120,no-eggs,128,1,Genderless
